url,title,description
https://www.runoob.com,菜鸟教程,"菜鸟教程(www.runoob.com)提供了编程的基础技术教程, 介绍了HTML、CSS、Javascript、Python，Java，Ruby，C，PHP , MySQL等各种编程语言的基础知识。 同时本站中也提供了大量的在线实例，通过实例，您可以更好的学习编程。.."
https://www.runoob.com/,菜鸟教程,"菜鸟教程(www.runoob.com)提供了编程的基础技术教程, 介绍了HTML、CSS、Javascript、Python，Java，Ruby，C，PHP , MySQL等各种编程语言的基础知识。 同时本站中也提供了大量的在线实例，通过实例，您可以更好的学习编程。.."
https://www.jyshare.com/,菜鸟工具 - 不止于工具,菜鸟工具，为开发设计人员提供在线工具，网址导航，提供在线PHP、Python、 CSS、JS 调试，中文简繁体转换，进制转换等工具。致力于打造国内专业WEB开发工具，集成开发环境，WEB开发教程。..
https://www.runoob.com/w3cnote/,菜鸟笔记 | 菜鸟教程,菜鸟教程-菜鸟笔记..
https://www.runoob.com/commentslist,笔记列表 | 菜鸟教程,菜鸟教程-笔记列表..
https://www.runoob.com/quiz/html-quiz.html,HTML 测验 | 菜鸟教程,HTML 测验                             知识挑战             通过这些互动问题测试学习情况                                                                                                                                                         ..
https://www.runoob.com/browser-history,我的书签 | 菜鸟教程,"我的书签     数据仅保存在本地浏览器            .bmw-wrap{font-family:system-ui,-apple-system,sans-serif;color:#1a1814;line-height:1.5;max-width:100%}     .bmw-heading{font-size:16px;font-weight:600;margin:0 0 12px;display:flex;align-it.."
https://www.runoob.com/tags/html-reference.html,HTML 标签列表(字母排序) | 菜鸟教程,HTML 参考手册- (HTML5 标准)    按字母顺序排列 New : HTML5新标签    标签 描述   &lt;!--...--&gt; 定义注释   &lt;!DOCTYPE&gt; 定义文档类型   &lt;a&gt; 定义超文本链接   &lt;abbr&gt; 定义缩写   &lt;acronym&gt; 定义只取首字母的缩写，不支持H..
https://www.runoob.com/jsref/jsref-tutorial.html,JavaScript 和 HTML DOM 参考手册 | 菜鸟教程,JavaScript 和 HTML DOM 参考手册..
https://www.runoob.com/cssref/css-reference.html,CSS 参考手册 | 菜鸟教程,CSS 参考手册     菜鸟教程的 CSS 参考手册在所有主流浏览器中测试通过.  CSS 属性  CSS 属性组：    动画   背景   边框和轮廓   框     颜色   内容页的媒体属性   尺寸   盒子模型(新)   盒子模型(旧)     字体   内容生成     网格   超链接     线框     列表   外边距   字幕   多列   内边距   页面媒体   定位     分页   Ruby     语..
https://www.runoob.com/manual/zeptojs.html,Zepto.js (1.1.6) API ä¸­æææ¡£-è½»éçº§å¼å®¹jQueryçJavaScriptåº,"è½»éçº§å¼å®¹jQueryçJavaScriptåº,Zepto, Zepto API ä¸­æç,Zepto ä¸­ææå,Zepto API,Zepto API ä¸­æç,Zepto ä¸­ææå,Zepto API 1.0, Zepto API  1.0 ä¸­æç,Zepto 1.0 ä¸­ææ
å,Zepto  1.0 API"
https://www.runoob.com/manual/Flat-UI/,Flat UI - åè´¹ç Bootstrap ä¸»é¢,Flat UIæ¯ä¸å¥ç²¾ç¾çæå¹³é£æ ¼ UI å·¥å·åï¼åºäº Twitter Bootstrap å®ç°ãè¿å¥çé¢å·¥å·åå«è®¸å¤åºæ¬çåå¤æç UI é¨ä»¶ï¼ä¾å¦æé®ï¼è¾å¥æ¡ï¼ç»åæé®ï¼å¤éæ¡ï¼åéæé®ï¼æ ç­¾ï¼èåï¼è¿åº¦æ¡åæ»åï¼å¯¼èªåç´ ç­ç­ã
https://www.runoob.com/manual/PostgreSQL/,PostgreSQL 10.1 æå,"ãPostgreSQL 10.1æåãåºäºä¸ä¸çæ¬çãPostgreSQL9.6.0ä¸­ææåã ç¿»è¯ãç¿»è¯å·¥ä½ä¸»è¦ç±çé«è½¯ä»¶çé©æ¦æ¦å®æï¼ è¯¦ç»è¯·åèPostgreSQL 10ä¸­ææåçç¿»è¯ã å¦æåç°ä¸­ææåä¸­çé®é¢è¯·åGithubæºç ä»åºæPostgreSQLä¸­ææåç¿»è¯å°ç»QQç¾¤(309292849)åé¦,ä¹å¯ç´æ¥åGithubæºç ä»åºæäº¤PRã ä¸­ææåçæ¬:1.0 æåæ´æ°æ¶é´:2018-06-30"
https://www.runoob.com/quiz/html5-quiz.html,HTML5 测验 | 菜鸟教程,HTML5 测验                  知识挑战         通过这些互动问题测试你对 HTML5 的掌握情况                                                                                                                            测验完成！                 0/0        ..
https://www.runoob.com/quiz/xhtml-quiz.html,XHTML 测验 | 菜鸟教程,"$(function() { 	$.post('/try/quiz/xhtml.php', 	  { 	  }, 	  function(data){ 		$('#content').html(data) 	  }); 	 }).."
https://www.runoob.com/quiz/css-quiz.html,CSS 测验 | 菜鸟教程,CSS 基础测验                  知识挑战         通过这些互动问题测试你对 CSS 基础的掌握情况                                                                                                                            测验完成！                 0/0        ..
https://www.runoob.com/quiz/javascript-quiz.html,JavaScript 测验 | 菜鸟教程,JavaScript 测验                  知识挑战         通过这些互动问题测试你对 JavaScript 基础的掌握情况                                                                                                                            测验完成！                ..
https://www.runoob.com/quiz/jquery-quiz.html,jQuery 测验 | 菜鸟教程,jQuery 测验                  知识挑战         通过这些互动问题测试你对 jQuery 基础的掌握情况                                                                                                                            测验完成！                 0/0    ..
https://www.runoob.com/quiz/xml-quiz.html,XML 测验 | 菜鸟教程,XML 测验                  知识挑战         通过这些互动问题测试你对 XML 基础的掌握情况                                                                                                                            测验完成！                 0/0          ..
https://www.runoob.com/quiz/asp-quiz.html,ASP 测验 | 菜鸟教程,ASP 测验                  知识挑战         通过这些互动问题测试你对 ASP 基础的掌握情况                                                                                                                            测验完成！                 0/0          ..
https://www.runoob.com/quiz/php-quiz.html,PHP 测验 | 菜鸟教程,PHP 测验                  知识挑战         通过这些互动问题测试你对 PHP 基础的掌握情况                                                                                                                            测验完成！                 0/0          ..
https://www.runoob.com/quiz/sql-quiz.html,SQL 测验 | 菜鸟教程,SQL 测验                  知识挑战         通过这些互动问题测试你对 SQL 基础的掌握情况                                                                                                                            测验完成！                 0/0          ..
https://www.runoob.com/quiz/python-quiz.html,Python 测验 | 菜鸟教程,Python 测验                              知识挑战             通过这些互动问题测试学习情况                                                                                                                                                      ..
https://www.runoob.com/html/html-tutorial.html,HTML 教程 | 菜鸟教程,HTML 教程- (HTML5 标准)    超文本标记语言（英语：HyperText Markup Language，简称：HTML）是一种用于创建网页的标准标记语言。 您可以使用 HTML 来建立自己的 WEB 站点，HTML 运行在浏览器上，由浏览器来解析。 在本教程中，您将学习如何使用 HTML 来创建站点。 HTML 很容易学习！相信您能很快学会它！   HTML 实例 本教程包含了数百个 HTML 实例。 使用本站的编辑器，..
https://www.runoob.com/html/html5-intro.html,HTML5 教程 | 菜鸟教程,"HTML5 简介     HTML5是HTML最新的修订版本，2014年10月由万维网联盟（W3C）完成标准制定。 HTML5的设计目的是为了在移动设备上支持多媒体。 HTML5 简单易学。   什么是 HTML5? HTML5 是下一代 HTML 标准。 HTML , HTML 4.01的上一个版本诞生于 1999 年。自从那以后，Web 世界已经经历了巨变。 HTML5 仍处于完善之中。然而，大部分现代浏览器已经具备了某些 HTML.."
https://www.runoob.com/css/css-tutorial.html,CSS 教程 | 菜鸟教程,CSS  教程   CSS (Cascading Style Sheets，层叠样式表），是一种用来为结构化文档（如 HTML 文档或 XML 应用）添加样式（字体、间距和颜色等）的计算机语言，CSS 文件扩展名为 .css。 通过使用 CSS 我们可以大大提升网页开发的工作效率！ 在我们的 CSS 教程中，您会学到如何使用 CSS 同时控制多重网页的样式和布局。  CSS3 现在已被大部分现代浏览器支持，而下一版的 CSS4 仍在开发..
https://www.runoob.com/css3/css3-tutorial.html,CSS3 教程 | 菜鸟教程,CSS3 教程  CSS 用于控制网页的样式和布局。 CSS3 是最新的 CSS 标准。 本教程向您讲解 CSS3 中的新特性。 开始学习 CSS3! CSS3 代码生成器!   CSS3 实例  [mycode3 type='css'] div {     transform:rotate(30deg); } [/mycode3]  尝试一下 »  点击 '尝试一下' 按钮查看在线实例。   C..
https://www.runoob.com/tailwindcss/tailwindcss-tutorial.html,Tailwind CSS 教程 | 菜鸟教程,Tailwind CSS 教程    Tailwind CSS 是一个开放源代码 CSS 框架。  Tailwind CSS 是一个功能丰富的、实用性优先的 CSS 框架，用于快速构建定制的设计。 Tailwind CSS 由 Adam Wathan 和 Jonathan Reinink 于 2017 年创建，并于 2018 年发布。 Tailwind CSS 的核心理念是提供大量的工具类（utility classes），这些类可以直..
https://www.runoob.com/bootstrap4/bootstrap4-tutorial.html,Bootstrap4 教程 | 菜鸟教程,Bootstrap4 教程    Bootstrap 是全球最受欢迎的前端组件库，用于开发响应式布局、移动设备优先的 WEB 项目。 Bootstrap4 是一套用于 HTML、CSS 和 JS 开发的开源工具集。利用我们提供的 Sass 变量和大量 mixin、响应式栅格系统、可扩展的预制组件、基于 jQuery 的强大的插件系统，能够快速为你的想法开发出原型或者构建整个 app 。   谁适合阅读本教程？ 只要您具备 HTML 和 ..
https://www.runoob.com/bootstrap5/bootstrap5-tutorial.html,Bootstrap5 教程 | 菜鸟教程,Bootstrap5 教程    Bootstrap 是全球最受欢迎的前端组件库，用于开发响应式布局、移动设备优先的 WEB 项目。 Bootstrap5 目前是 Bootstrap 的最新版本，是一套用于 HTML、CSS 和 JS 开发的开源工具集。它支持 Sass 变量和 mixins、响应式网格系统、大量的预建组件和强大的 JavaScript 插件，助你快速设计和自定义响应式、移动设备优先的站点。   谁适合阅读本教程？ 只要..
https://www.runoob.com/font-awesome/fontawesome-tutorial.html,Font Awesome 图标 | 菜鸟教程,Font Awesome 图标  Font Awesome 是一个流行的图标字体库，用于网页设计和开发。 Font Awesome 包含了一系列矢量图标，可以轻松地通过 CSS 进行调用和使用，它可以被定制大小、颜色、阴影等。 Font Awesome 最初是一个由 Dave Gandy 创建的开源项目，目的是提供一套灵活、易用且具有可扩展性的图标集，以替代传统的图像图标。 Font Awesome 更新了很多版本，目前主流是 Font..
https://www.runoob.com/foundation/foundation-tutorial.html,Foundation 教程 | 菜鸟教程,"Foundation5 教程    Foundation 用于开发响应式的 HTML, CSS and JavaScript 框架。 Foundation 是一个易用、强大而且灵活的框架,用于构建基于任何设备上的 Web 应用。  Foundation 是一个以移动优先的流行框架。   在线实例 菜鸟教程包含了上百个 Foundation 实例。 你可以直接使用我们的在线编辑器，并点击“提交运行”按钮查看结果：  Foundation .."
https://www.runoob.com/js/js-tutorial.html,JavaScript 教程 | 菜鸟教程,JavaScript 教程    JavaScript 是 Web 的编程语言。 所有现代的 HTML 页面都可以使用 JavaScript。 JavaScript 非常容易学。 本教程将教你学习从初级到高级 JavaScript 知识。  JavaScript 在线实例 本教程包含了大量的 JavaScript 实例， 您可以点击 '尝试一下' 来在线查看实例。   实例   function displayDat..
https://www.runoob.com/htmldom/htmldom-tutorial.html,HTML DOM 教程 | 菜鸟教程,HTML DOM 教程   DOM (Document Object Model) 译为文档对象模型，是 HTML 和 XML 文档的编程接口。 HTML DOM 定义了访问和操作 HTML 文档的标准方法。 DOM 以树结构表达 HTML 文档。   HTML DOM 树形结构: HTML DOM 实例 学习 100 个实例！使用我们的编辑器，你可以编辑 HTML 文档，然后单击 “尝试一下” 按钮来查看结果。 在线实例!  HTML..
https://www.runoob.com/jquery/jquery-tutorial.html,jQuery 教程 | 菜鸟教程,jQuery 教程   jQuery 是一个 JavaScript 库。 jQuery 极大地简化了 JavaScript 编程。 jQuery 很容易学习。   本章节的每一篇都包含了在线实例 通过本站的在线编辑器，你可以在线运行修改后的代码，并查看运行结果。  实例  [mycode3 type='javascript'] $(document).ready(function(){   $('p
https://www.runoob.com/angularjs/angularjs-tutorial.html,AngularJS 教程 | 菜鸟教程,AngularJS 教程     AngularJS 通过新的属性和表达式扩展了 HTML。 	AngularJS 可以构建一个单一页面应用程序（SPAs：Single Page Applications）。 	AngularJS 学习起来非常简单。 	现在开始学习 AngularJS！     每个章节都有相应的实例 在每个章节中，您可以在线编辑实例，然后点击按钮查看结果。  AngularJS 实例  &lt;!DOCTYP..
https://www.runoob.com/angularjs2/angularjs2-tutorial.html,Angular 2 教程 | 菜鸟教程,Angular 2 教程    Angular2 是一款开源JavaScript库，由Google维护，用来协助单一页面应用程序运行。 Angular2 是 Angular 1.x 的升级版本，性能上得到显著的提高，能很好的支持 Web 开发组件。 Angular2 发布于2016年9月份，它是基于ES6来开发的。   学习本教程需要的基础知识 学习本教程前，你需要具备基本的前端基础：HTML、CSS、JavaScript。此外你还需要..
https://www.runoob.com/vue2/vue-tutorial.html,Vue.js 教程 | 菜鸟教程,"Vue.js 教程   Vue.js（读音 /vjuː/, 类似于 view） 是一套构建用户界面的渐进式框架。 Vue 只关注视图层， 采用自底向上增量开发的设计。 Vue 的目标是通过尽可能简单的 API 实现响应的数据绑定和组合的视图组件。 Vue 学习起来非常简单，本教程基于 Vue 2.1.8 版本测试，Vue3 请参阅 Vue3 教程。 Vue 2.0 在 2023 年 12 月 31 日停止更新。    阅读本教程前，您需.."
https://www.runoob.com/vue3/vue3-tutorial.html,Vue3 教程 | 菜鸟教程,"Vue3 教程   Vue.js（读音 /vjuː/, 类似于 view） 是一套构建用户界面的渐进式框架。  Vue 只关注视图层， 采用自底向上增量开发的设计。 Vue 的目标是通过尽可能简单的 API 实现响应的数据绑定和组合的视图组件。 Vue 学习起来非常简单，本教程基于 Vue3 以上版本测试。   渐进式框架‌ ‌渐进式框架‌是指那些允许开发者根据项目需求逐步引入和使用其功能的框架，而不需要一次性全部使用框架的特性。  常.."
https://www.runoob.com/react/react-tutorial.html,React 教程 | 菜鸟教程,React 教程   React 是一个用于构建用户界面的 JAVASCRIPT 库。 React 主要用于构建 UI，很多人认为 React 是 MVC 中的 V（视图）。 React 起源于 Facebook 的内部项目，用来架设 Instagram 的网站，并于 2013 年 5 月开源。 React 拥有较高的性能，代码逻辑非常简单，越来越多的人已开始关注和使用它。   React 特点  1.声明式设计 −React采用声明范..
https://www.runoob.com/nextjs/nextjs-tutorial.html,Next.js 教程 | 菜鸟教程,Next.js 教程     Next.js 是一个基于 React 的开源框架，用于构建快速、现代化的 Web 应用程序。  Next.js 用于构建高性能的服务器端渲染（SSR）和静态生成（Static Generation）的现代 Web 应用。 Next.js 由 Vercel 公司开发和维护，旨在简化 React 应用的开发流程，同时提供强大的性能优化和开发体验。。    与 React 的关系 React 是一个用于构建用户..
https://www.runoob.com/typescript/ts-tutorial.html,TypeScript 教程 | 菜鸟教程,TypeScript 教程      TypeScript 是 JavaScript 的一个超集，支持 ECMAScript 6 标准（ES6 教程）。 TypeScript 由微软开发的自由和开源的编程语言，在 JavaScript 的基础上增加了静态类型检查的超集。 TypeScript 设计目标是开发大型应用，它可以编译成纯 JavaScript，编译出来的 JavaScript 可以运行在任何浏览器上。     为什么选择 Ty..
https://www.runoob.com/jqueryui/jqueryui-tutorial.html,jQuery UI 教程 | 菜鸟教程,jQuery UI 教程  jQuery UI 是建立在 jQuery JavaScript 库上的一组用户界面交互、特效、小部件及主题。无论您是创建高度交互的 Web 应用程序还是仅仅向窗体控件添加一个日期选择器，jQuery UI 都是一个完美的选择。 jQuery UI 包含了许多维持状态的小部件（Widget），因此，它与典型的 jQuery 插件使用模式略有不同。所有的 jQuery UI 小部件（Widget）使用相同的模式..
https://www.runoob.com/jeasyui/jqueryeasyui-tutorial.html,jQuery EasyUI 教程 | 菜鸟教程,jQuery EasyUI 教程   jQuery EasyUI 是一个基于 jQuery 的框架，集成了各种用户界面插件。 jQuery EasyUI 框架提供了创建网页所需的一切，帮助您轻松建立站点。本教程将告诉您如何使用 jQuery EasyUI 框架创建应用。 现在开始学习 jQuery EasyUI！  jQuery EasyUI 离线版CHM下载！   内容列表  Application（应用）  jQuery EasyU..
https://www.runoob.com/nodejs/nodejs-tutorial.html,Node.js 教程 | 菜鸟教程,Node.js 教程   简单的说 Node.js 就是运行在服务端的 JavaScript。 Node.js 是一个基于 Chrome JavaScript 运行时建立的一个平台。 Node.js 是一个事件驱动 I/O 服务端 JavaScript 环境，基于 Google 的 V8 引擎，V8 引擎执行 Javascript 的速度非常快，性能非常好。   谁适合阅读本教程？ 如果你是一个前端程序员，你不懂得像 PHP、Pytho..
https://www.runoob.com/electron/electron-tutorial.html,Electron 教程 | 菜鸟教程,Electron 教程   Electron（原名 Atom Shell） 是由 GitHub 开发的一个 开源跨平台桌面应用开发框架。  Electron 是一个开源的框架，专门用于使用 Web 技术（HTML、CSS 和 JavaScript）来构建跨平台的桌面应用程序。  Electron 让我们可以像写网页一样写桌面应用，比如 Windows 的 .exe、macOS 的 .app、Linux 的可执行文件。  Electron..
https://www.runoob.com/playwright/playwright-tutorial.html,Playwright 教程 | 菜鸟教程,Playwright 教程   Playwright 是微软（Microsoft） 在 2020 年推出的一个开源项目，用于 Web 自动化和端到端（End-to-End）测试的开源框架。  Playwright支持多种浏览器（Chromium、Firefox 和 WebKit）和多种编程语言（JavaScript/TypeScript、Python、Java 和 .NET），旨在提供可靠、快速且功能丰富的自动化测试解决方案。    学..
https://www.runoob.com/ajax/ajax-tutorial.html,AJAX 教程 | 菜鸟教程,"function loadXMLDoc() { if (window.XMLHttpRequest)   {// code for IE7+, Firefox, Chrome, Opera, Safari   xmlhttp=new XMLHttpRequest();   } else   {// code for IE6, IE5   xmlhttp=new ActiveXObject('Microsoft.XMLHTTP&.."
https://www.runoob.com/json/json-tutorial.html,JSON 教程 | 菜鸟教程,JSON 教程     JSON: JavaScript Object Notation(JavaScript 对象表示法) 	JSON 是存储和交换文本信息的语法，类似 XML。 	JSON 比 XML 更小、更快，更易解析。 JSON  易于人阅读和编写。 C、Python、C++、Java、PHP、Go 等编程语言都支持 JSON。    JSON 实例  [mycode3 type='javascript']..
https://www.runoob.com/echarts/echarts-tutorial.html,ECharts 教程 | 菜鸟教程,ECharts 教程   ECharts 是一个使用 JavaScript 实现的开源可视化库，涵盖各行业图表，满足各种需求。 ECharts 提供了丰富的图表类型和交互能力，使用户能够通过简单的配置生成各种各样的图表，包括但不限于折线图、柱状图、散点图、饼图、雷达图、地图等。 ECharts 遵循 Apache-2.0 开源协议，免费商用。 ECharts 兼容当前绝大部分浏览器（IE8/9/10/11，Chrome，Firefox，..
https://www.runoob.com/chartjs/chartjs-tutorial.html,Chart.js 教程 | 菜鸟教程,Chart.js 教程  Chart.js 是一个简单、灵活的 JavaScript 图表工具。 Chart.js 是一个基于 HTML5 技术的 JavaScript 图表工具。 Chart.js:使用 &lt;canvas&gt; 标签的实现简洁HTML5图表 Chart.js 能够很简单便捷的在 Web 网站或是 Web 应用程序添加有交互性的图表 Chart.js 免费提供给个人学习、个人网站和非商业用途使用。 ..
https://www.runoob.com/highcharts/highcharts-tutorial.html,Highcharts 教程 | 菜鸟教程,Highcharts 教程  Highcharts 是一个用纯JavaScript编写的一个图表库。 Highcharts 能够很简单便捷的在web网站或是web应用程序添加有交互性的图表 Highcharts 免费提供给个人学习、个人网站和非商业用途使用。   HighCharts 特性   兼容性 - 支持所有主流浏览器和移动平台（android、iOS等）。 多设备 - 支持多种设备，如手持设备 iPhone/iPad、平板等。 ..
https://www.runoob.com/googleapi/google-maps-basic.html,Google 地图基础 | 菜鸟教程,"Google Maps 基础   创建一个简单的 Google 地图 现在让我们创建一个简单的 Google 地图。 以下是显示了英国伦敦的 Google 地图：  实例  [mycode3 type='html']       function initialize() { 	var mapProp = { 		center:new google.maps.LatLng(51.508742,-0.120850), .."
https://www.runoob.com/python3/python3-tutorial.html,Python3 教程 | 菜鸟教程,Python 3 教程     Python 的 3.0 版本，常被称为 Python 3000，或简称 Py3k。相对于 Python 的早期版本，这是一个较大的升级。为了不带入过多的累赘，Python 3.0 在设计的时候没有考虑向下兼容。 Python 介绍及安装教程我们在Python 2.X 版本的教程中已有介绍，这里就不再赘述。 你也可以点击  Python2.x与3​​.x版本区别 来查看两者的不同。 本教程主要针对 Pyt..
https://www.runoob.com/python/python-tutorial.html,Python 基础教程 | 菜鸟教程,"Python 基础教程   Python 是一种解释型、面向对象、动态数据类型的高级程序设计语言。 Python 由 Guido van Rossum 于 1989 年底发明，第一个公开发行版发行于 1991 年。 像 Perl 语言一样, Python 源代码同样遵循 GPL(GNU General Public License) 协议。    官方宣布，2020 年 1 月 1 日， 停止 Python 2 的更新。 Python .."
https://www.runoob.com/linux/linux-tutorial.html,Linux 教程 | 菜鸟教程,Linux  教程     Linux 是一种自由和开放源码的类 UNIX 操作系统。 Linux 英文解释为 Linux is not Unix。 Linux 是在 1991 由林纳斯·托瓦兹在赫尔辛基大学上学时创立的，主要受到 Minix 和 Unix 思想的启发。 本教程，我们将为大家介绍如何使用 Linux。 Linux 其实很容易学，相信你们能很快学会。 现在开始学习 Linux ！     谁适合阅读？ 本教程针对的是Lin..
https://www.runoob.com/docker/docker-tutorial.html,Docker 教程 | 菜鸟教程,"Docker 教程   Docker 是一个开源的应用容器引擎，基于 Go 语言   并遵从 Apache2.0 协议开源。 Docker 可以让开发者打包他们的应用以及依赖包到一个轻量级、可移植的容器中，然后发布到任何流行的 Linux 机器上，也可以实现虚拟化。 容器是完全使用沙箱机制，相互之间不会有任何接口（类似 iPhone 的 app）,更重要的是容器性能开销极低。   Docker 从 17.03 版本之后分为 CE（Com.."
https://www.runoob.com/ruby/ruby-tutorial.html,Ruby 教程 | 菜鸟教程,Ruby 教程    Ruby 是一种开源的面向对象程序设计的服务器端脚本语言，在 20 世纪 90 年代中期由日本的松本行弘（まつもとゆきひろ/Yukihiro Matsumoto）设计并开发。在 Ruby 社区，松本也被称为马茨（Matz）。Ruby 可运行于多种平台，如 Windows、MAC OS 和 UNIX 的各种版本。 学习本教程，您将对 Ruby 有一个全面的了解。 现在开始学习 Ruby！    谁适合阅读本教程？ 本..
https://www.runoob.com/java/java-tutorial.html,Java 教程 | 菜鸟教程,"Java 教程    Java 是由 Sun Microsystems 公司于 1995 年 5 月推出的高级程序设计语言。  Java 可运行于多个平台，如 Windows, Mac OS 及其他多种 UNIX 版本的系统。 本教程通过简单的实例将让大家更好的了解 Java 编程语言。 移动操作系统 Android 大部分的代码采用 Java 编程语言编程。 Java 在线工具 JDK 11 在线中文手册      我的第一个 JAV.."
https://www.runoob.com/c/c-tutorial.html,C 语言教程 | 菜鸟教程,C 语言教程    C 语言是一种通用的、面向过程式的计算机程序设计语言。1972 年，为了移植与开发 UNIX 操作系统，丹尼斯·里奇在贝尔电话实验室设计开发了 C 语言。 C 语言是一种广泛使用的计算机语言，它与 Java 编程语言一样普及，二者在现代软件程序员之间都得到广泛使用。 当前最新的 C 语言标准为 C18 ，在它之前的 C 语言标准有 C17、C11...C99 等。 现在开始学习 C 编程！ C 在线工具   谁适合阅..
https://www.runoob.com/cplusplus/cpp-tutorial.html,C++ 教程 | 菜鸟教程,C++ 教程    C++ 是一种高级语言，它是由 Bjarne Stroustrup 于 1979 年在贝尔实验室开始设计开发的。C++ 进一步扩充和完善了 C 语言，是一种面向对象的程序设计语言。C++ 可运行于多种平台上，如 Windows、MAC 操作系统以及 UNIX 的各种版本。  本教程通过通俗易懂的语言来讲解 C++ 编程语言。 现在开始学习 C++ 编程！ C++ 在线工具   谁适合阅读本教程？ 本教程是专门为初学者..
https://www.runoob.com/perl/perl-tutorial.html,Perl 教程 | 菜鸟教程,Perl 教程    Perl 是 Practical Extraction and Report Language 的缩写，可翻译为 “实用报表提取语言”。  Perl 是高级、通用、直译式、动态的程序语言。   Perl 最初的设计者为拉里·沃尔（Larry Wall），于1987年12月18日发表。  Perl 借用了C、sed、awk、shell脚本以及很多其他编程语言的特性。   Perl 最重要的特性是Perl内部集成了正则..
https://www.runoob.com/servlet/servlet-tutorial.html,Servlet 教程 | 菜鸟教程,Servlet 教程   Servlet 为创建基于 web 的应用程序提供了基于组件、独立于平台的方法，可以不受 CGI 程序的性能限制。Servlet 有权限访问所有的 Java API，包括访问企业级数据库的 JDBC API。 本教程将讲解如何使用 Java Servlet 来开发基于 web 的应用程序。 现在开始学习 Servlet！   谁适合阅读本教程？ 本教程是专为 Java 程序员设计的。在阅读本教程之前，需要先了解..
https://www.runoob.com/jsp/jsp-tutorial.html,JSP 教程 | 菜鸟教程,JSP 教程   JSP 与 PHP、ASP、ASP.NET 等语言类似，运行在服务端的语言。 JSP（全称Java Server Pages）是由 Sun Microsystems 公司倡导和许多公司参与共同创建的一种使软件开发者可以响应客户端请求，而动态生成 HTML、XML 或其他格式文档的Web网页的技术标准。 JSP 技术是以 Java 语言作为脚本语言的，JSP 网页为整个服务器端的 Java 库单元提供了一个接口来服务于H..
https://www.runoob.com/lua/lua-tutorial.html,Lua 教程 | 菜鸟教程,Lua 教程   Lua 是一种轻量小巧的脚本语言，用标准C语言编写并以源代码形式开放， 其设计目的是为了嵌入应用程序中，从而为应用程序提供灵活的扩展和定制功能。 Lua 是巴西里约热内卢天主教大学（Pontifical Catholic University of Rio de Janeiro）里的一个研究小组于 1993 年开发的，该小组成员有：Roberto Ierusalimschy、Waldemar Celes 和 Luiz ..
https://www.runoob.com/rust/rust-tutorial.html,Rust 教程 | 菜鸟教程,Rust 教程  Rust 是由 Mozilla 主导开发的高性能编译型编程语言，遵循“安全、并发、实用”的设计原则。   Rust 语言由 Mozilla 开发，首次发布于 2010 年。 Rust 支持多种编程范式，包括函数式、并发式、过程式和面向对象风格。 Rust 速度惊人且内存利用率极高。由于没有运行时和垃圾回收，它能够胜任对性能要求特别高的服务，可以在嵌入式设备上运行，还能轻松和其他语言集成。 Rust 系列文章内容由 So..
https://www.runoob.com/zig/zig-tutorial.html,Zig 教程 | 菜鸟教程,Zig 教程   Zig 是一个命令式、通用、静态类型、编译的系统编程语言。 Zig 由 Andrew Kelley 于 2015 年创建，并于 2016 年发布。Zig 的设计目标是提供高性能、安全、简洁和可移植的编程体验。  Zig 官网：https://ziglang.org/。   第一个 Zig 程序 接下来我们使用 Zig 来输出“Hello World!”   实例   [mycode4 type='cpp
https://www.runoob.com/scala/scala-tutorial.html,Scala 教程 | 菜鸟教程,Scala 教程  Scala 是一门多范式（multi-paradigm）的编程语言，设计初衷是要集成面向对象编程和函数式编程的各种特性。 Scala 运行在 Java 虚拟机上，并兼容现有的 Java 程序。 Scala 源代码被编译成 Java 字节码，所以它可以运行于 JVM 之上，并可以调用现有的 Java 类库。  谁适合阅读本教程？ 本教程适合想从零开始学习 Scala 编程语言的开发人员。当然本教程也会对一些模块进行深入..
https://www.runoob.com/go/go-tutorial.html,Go 语言教程 | 菜鸟教程,"Go 语言教程   Go 是一个开源的编程语言，它能让构造简单、可靠且高效的软件变得容易。 Go是从2007年末由Robert Griesemer, Rob Pike, Ken Thompson主持开发，后来还加入了Ian Lance Taylor, Russ Cox等人，并最终于2009年11月开源，在2012年早些时候发布了Go 1稳定版本。现在Go的开发已经是完全开放的，并且拥有一个活跃的社区。   Go 语言特色  简洁、快速、.."
https://www.runoob.com/php/php-tutorial.html,PHP 教程 | 菜鸟教程,PHP 教程   PHP 是一种创建动态交互性站点的强有力的服务器端脚本语言。 PHP 是免费的，并且使用非常广泛。同时，对于像微软 ASP 这样的竞争者来说，PHP 无疑是另一种高效率的选项。  适用于PHP初学者的学习线路和建议PHP 开发工具推荐 PHP 在线工具   通过实例学习 PHP 我们的 PHP 在线实例让您能够更简单的学习 PHP，实例中包含了 PHP 的源码及运行结果。 [mycode type='php&..
https://www.runoob.com/data-structures/data-structures-tutorial.html,数据结构与算法 | 菜鸟教程,数据结构与算法   数据结构（英语：data structure）是计算机中存储、组织数据的方式。 数据结构是一种具有一定逻辑关系，在计算机中应用某种存储结构，并且封装了相应操作的数据元素集合。它包含三方面的内容，逻辑关系、存储关系及操作。 不同种类的数据结构适合于不同种类的应用，而部分甚至专门用于特定的作业任务。例如，计算机网络依赖于路由表运作，B 树高度适用于数据库的封装。   为什么要学习数据结构和算法？ 随着应用程序变得越来越复..
https://www.runoob.com/django/django-tutorial.html,Django 教程 | 菜鸟教程,"Django 教程     Django 是一个用于构建 Web 应用程序的高级 Python Web 框架。  Django 提供了一套强大的工具和约定，使得开发者能够快速构建功能齐全且易于维护的网站。 Django 遵守 BSD 版权，初次发布于 2005 年 7 月, 并于 2008 年 9 月发布了第一个正式版本 1.0 。 Django 采用了 MVT 的软件设计模式，即模型（Model），视图（View）和模板（Templa.."
https://www.runoob.com/fastapi/fastapi-tutorial.html,FastAPI 教程 | 菜鸟教程,FastAPI 教程   FastAPI 是一个用于构建 API 的现代、快速（高性能）的 Python Web 框架，专为构建 RESTful API 而设计。 FastAPI 使用 Python 3.8+ 并基于标准的 Python 类型提示，使用 Starlette 和 Pydantic 构建，能够自动生成 API 文档并进行数据校验。    谁适合阅读本教程？ 本教程适合有 Python 基础的开发者学习。如果你已经了解 Pyt..
https://www.runoob.com/flask/flask-tutorial.html,Flask 教程 | 菜鸟教程,Flask 教程    Flask 是一个用 Python 编写的轻量级 Web 应用框架。 Flask 基于 WSGI（Web Server Gateway Interface）和 Jinja2 模板引擎，旨在帮助开发者快速、简便地创建 Web 应用。 Flask 被称为“微框架”，因为它使用简单的核心，用扩展增加其他功能。     谁适合阅读本教程？  本教程适合有 Python 基础的开发者学习。  以下的 Flask 程序会在网..
https://www.runoob.com/pillow/pillow-tutorial.html,Pillow 教程 | 菜鸟教程,Pillow 教程     Pillow 是 Python 中处理图像的主要库。 Pillow 是 Python Imaging Library (PIL) 的一个友好分支。 由于原始的 PIL 已经不再维护，Pillow 接替了它的角色并继续活跃开发。 Pillow 提供了广泛的文件格式支持、高效的内部表示以及强大的图像处理功能。   谁适合阅读本教程？  本教程适合有 Python 基础的开发者学习。   如果您还不了解 Pytho..
https://www.runoob.com/w3cnote/zookeeper-tutorial.html,1.0 Zookeeper 教程 | 菜鸟教程,ZooKeeper 是 Apache 软件基金会的一个软件项目，它为大型分布式计算提供开源的分布式配置服务、同步服务和命名注册。 ZooKeeper 的架构通过冗余服务实现高可用性。 Zookeeper 的设计目标是将那些复杂且容易出错的分布式一致性服务封装起来，构成一个高效可靠的原语集，并以一系列简单易用的接口提供给用户使用。 一个典型的分布式数据一致性的解决方案，分布式应用程序可以基于它实现诸如数据发布/订阅、负载均衡、命名服务、分..
https://www.runoob.com/design-pattern/design-pattern-tutorial.html,设计模式 | 菜鸟教程,设计模式    设计模式（Design pattern）代表了最佳的实践，通常被有经验的面向对象的软件开发人员所采用。设计模式是软件开发人员在软件开发过程中面临的一般问题的解决方案。这些解决方案是众多软件开发人员经过相当长的一段时间的试验和错误总结出来的。 本教程将通过 Java 实例，一步一步向您讲解设计模式的概念。 现在开始学习设计模式！   谁适合阅读本教程？ 无论您是新手，还是老手，本教程都值得一读。对于那些具有丰富的开发经验的..
https://www.runoob.com/python-design-pattern/python-design-pattern-tutorial.html,设计模式 | 菜鸟教程,设计模式..
https://www.runoob.com/regexp/regexp-tutorial.html,正则表达式 – 教程 | 菜鸟教程,正则表达式 - 教程    正则表达式（Regular Expression，简称 Regex 或 RegExp）是一种用来匹配字符串中字符组合的模式。 正则表达式是一种用于模式匹配和搜索文本的工具。 正则表达式提供了一种灵活且强大的方式来查找、替换、验证和提取文本数据。 正则表达式可以应用于各种编程语言和文本处理工具中，如 JavaScript、Python、Java、Perl 等。  入门视频：正则表达式入门教程。   正则表达式可..
https://www.runoob.com/maven/maven-tutorial.html,Maven 教程 | 菜鸟教程,Maven 教程    Maven 翻译为“专家”、“内行”，是 Apache 下的一个纯 Java 开发的开源项目。基于项目对象模型（缩写：POM）概念，Maven利用一个中央信息片断能管理一个项目的构建、报告和文档等步骤。 Maven 是一个项目管理工具，可以对 Java 项目进行构建、依赖管理。 Maven 也可被用于构建和管理各种项目，例如 C#，Ruby，Scala 和其他语言编写的项目。Maven 曾是 Jakarta 项目..
https://www.runoob.com/cmake/cmake-tutorial.html,CMake 教程 | 菜鸟教程,CMake 教程    CMake 是个一个开源的跨平台自动化建构系统，用来管理软件建置的程序，并不依赖于某特定编译器，并可支持多层目录、多个应用程序与多个函数库。  CMake 通过使用简单的配置文件 CMakeLists.txt，自动生成不同平台的构建文件（如 Makefile、Ninja 构建文件、Visual Studio 工程文件等），简化了项目的编译和构建过程。 CMake 本身不是构建工具，而是生成构建系统的工具，它生成的..
https://www.runoob.com/w3cnote/verilog-tutorial.html,1.1 Verilog 教程 | 菜鸟教程,Verilog HDL（简称 Verilog ）是一种硬件描述语言，用于数字电路的系统设计。可对算法级、门级、开关级等多种抽象设计层次进行建模。 Verilog 继承了 C 语言的多种操作符和结构，与另一种硬件描述语言 VHDL 相比，语法不是很严格，代码更加简洁，更容易上手。 Verilog 不仅定义了语法，还对语法结构都定义了清晰的仿真语义。因此，Verilog 编写的数字模型就能够使用 Verilog 仿真器进行验证。  谁适合阅..
https://www.runoob.com/asp/asp-tutorial.html,ASP 教程 | 菜鸟教程,ASP 教程   ASP（Active Server Pages 动态服务器页面）是一种生成动态交互性网页的强有力工具。 在我们的 ASP 教程中，您将学到 ASP 的相关知识，以及如何在服务器上执行脚本。 现在开始学习 ASP！   通过实例学习 ASP 在本站的 ASP 教程中包含了 100 多个实例。 我们的 ASP 在线实例让您能够更简单的学习 ASP，实例中包含了 ASP 的源码及运行结果。   实例  	&lt;!D..
https://www.runoob.com/appml/appml-tutorial.html,AppML 教程 | 菜鸟教程,&lt;AppML&gt; 教程      &lt;AppML&gt; 快速和简单的 Web 开发    什么是 &lt;AppML&gt;? &lt;AppML&gt; appML是一个为web应用程序设计的HTML扩展框:    XML 语言定义了应用的模型  	 JavaScript 运行于客户端浏览器上 	 PHP 或者 ASP 脚本运行于服务器上   AppML ..
https://www.runoob.com/vbscript/vbscript-tutorial.html,VBScript 教程 | 菜鸟教程,VBScript 教程   VBScript 是微软公司出品的脚本语言。 VBScript 是ASP (Active Server Pages)默认使用的脚本语言。 你可以在  Internet Explorer 尝试使用 VBScript 。  VBScript 编辑器 VBScript 是一个动态脚本语言。 Internet Explorer 支持 VBScript. 所以你可以在IE浏览器中执行VBScript， 通过我们的 VB..
https://www.runoob.com/sql/sql-tutorial.html,SQL 教程 | 菜鸟教程,SQL 教程    SQL（Structured Query Language，结构化查询语言）是一种用于管理和操作关系型数据库的标准化编程语言。  在本教程中，您将学到如何使用 SQL 访问和处理数据系统中的数据，这类数据库包括：MySQL、SQL Server、Access、Oracle、Sybase、DB2 等等。  在线测试工具：https://www.jyshare.com/front-end/7768/。   每一章实例 每..
https://www.runoob.com/mysql/mysql-tutorial.html,MySQL 教程 | 菜鸟教程,MySQL 教程      MySQL 是最流行的关系型数据库管理系统，在 WEB 应用方面 MySQL 是最好的 RDBMS(Relational Database Management System：关系数据库管理系统)应用软件之一。  在本教程中，会让大家快速掌握 MySQL 的基本知识，并轻松使用 MySQL 数据库。 在线测试工具：https://www.jyshare.com/front-end/7768/。  什么是数据库..
https://www.runoob.com/postgresql/postgresql-tutorial.html,PostgreSQL 教程 | 菜鸟教程,PostgreSQL 教程   PostgreSQL 是一个免费的对象-关系数据库服务器(ORDBMS)，在灵活的BSD许可证下发行。 PostgreSQL 开发者把它念作 post-gress-Q-L。 PostgreSQL 的 Slogan 是 “世界上最先进的开源关系型数据库”。 参考内容：PostgreSQL 10.1 手册   什么是数据库？ 数据库（Database）是按照数据结构来组织、存储和管理数据的仓库。 每个数据库都..
https://www.runoob.com/sqlite/sqlite-tutorial.html,SQLite 教程 | 菜鸟教程,SQLite 教程   SQLite 是一个软件库，实现了自给自足的、无服务器的、零配置的、事务性的 SQL 数据库引擎。SQLite 是在世界上最广泛部署的 SQL 数据库引擎。SQLite 源代码不受版权限制。 本教程将告诉您如何使用 SQLite 编程，并让你迅速上手。 现在开始学习 SQLite！   谁适合阅读本教程？ 本教程有助于初学者了解 SQLite 数据库引擎相关的基础知识和先进理念。  阅读本教程前，你需要了解的知识..
https://www.runoob.com/mongodb/mongodb-tutorial.html,MongoDB 教程 | 菜鸟教程,MongoDB 教程     MongoDB是一个流行的开源文档型数据库，它使用类似 JSON 的文档模型存储数据，这使得数据存储变得非常灵活。  MongoDB 是一个基于文档的 NoSQL 数据库，由 MongoDB Inc. 开发。 MongoDB 旨在为 WEB 应用提供可扩展的高性能数据存储解决方案。 MongoDB 是一个介于关系数据库和非关系数据库之间的产品，是非关系数据库当中功能最丰富，最像关系数据库的。 现在开始学习 ..
https://www.runoob.com/redis/redis-tutorial.html,Redis 教程 | 菜鸟教程,Redis 教程    REmote DIctionary Server(Redis) 是一个由 Salvatore Sanfilippo 写的 key-value 存储系统，是跨平台的非关系型数据库。  Redis 是一个开源的使用 ANSI C 语言编写、遵守 BSD 协议、支持网络、可基于内存、分布式、可选持久性的键值对(Key-Value)存储数据库，并提供多种语言的 API。  Redis 通常被称为数据结构服务器，因为值（v..
https://www.runoob.com/Memcached/Memcached-tutorial.html,Memcached 教程 | 菜鸟教程,Memcached 教程 Memcached是一个自由开源的，高性能，分布式内存对象缓存系统。 Memcached是以LiveJournal旗下Danga Interactive公司的Brad Fitzpatric为首开发的一款软件。现在已成为mixi、hatena、Facebook、Vox、LiveJournal等众多服务中提高Web应用扩展性的重要因素。  Memcached是一种基于内存的key-value存储，用来存储小块的任意..
https://www.runoob.com/numpy/numpy-tutorial.html,NumPy 教程 | 菜鸟教程,NumPy 教程    NumPy(Numerical Python) 是 Python 语言的一个扩展程序库，支持大量的维度数组与矩阵运算，此外也针对数组运算提供大量的数学函数库。  NumPy 的前身 Numeric 最早是由 Jim Hugunin 与其它协作者共同开发，2005 年，Travis Oliphant 在 Numeric 中结合了另一个同性质的程序库 Numarray 的特色，并加入了其它扩展而开发了 NumPy。N..
https://www.runoob.com/pandas/pandas-tutorial.html,Pandas 教程 | 菜鸟教程,Pandas 教程     Pandas 是 Python 语言的一个扩展程序库，用于数据分析。  Pandas 名字衍生自术语 “panel data”（面板数据）和 “Python data analysis”（Python 数据分析）。 Pandas 是一个开放源码、BSD 许可的库，提供高性能、易于使用的数据结构和数据分析工具。   Pandas 一个强大的分析结构化数据的工具集，基础是 Numpy（提供高性能的矩阵运算）。  ..
https://www.runoob.com/matplotlib/matplotlib-tutorial.html,Matplotlib 教程 | 菜鸟教程,Matplotlib 教程    Matplotlib 是 Python 的绘图库，它能让使用者很轻松地将数据图形化，并且提供多样化的输出格式。 Matplotlib 可以用来绘制各种静态，动态，交互式的图表。 Matplotlib 是一个非常强大的 Python 画图工具，我们可以使用该工具将很多数据通过图表的形式更直观的呈现出来。 Matplotlib 可以绘制线图、散点图、等高线图、条形图、柱状图、3D 图形、甚至是图形动画等等。..
https://www.runoob.com/scipy/scipy-tutorial.html,SciPy 教程 | 菜鸟教程,SciPy 教程    SciPy 是一个开源的 Python 算法库和数学工具包。 Scipy 是基于 Numpy 的科学计算库，用于数学、科学、工程学等领域，很多有一些高阶抽象和物理模型需要使用 Scipy。 SciPy 包含的模块有最优化、线性代数、积分、插值、特殊函数、快速傅里叶变换、信号处理和图像处理、常微分方程求解和其他科学与工程中常用的计算。   学习本教程前你需要了解 在开学习 SciPy 教程之前，我们需要具备基本的 ..
https://www.runoob.com/pytorch/pytorch-tutorial.html,PyTorch 教程 | 菜鸟教程,PyTorch 教程     PyTorch 是一个开源的机器学习库，主要用于进行计算机视觉（CV）、自然语言处理（NLP）、语音识别等领域的研究和开发。  PyTorch由 Facebook 的人工智能研究团队开发，并在机器学习和深度学习社区中广泛使用。 PyTorch 以其灵活性和易用性而闻名，特别适合于深度学习研究和开发。   谁适合阅读本教程？ 只要您具备编程的基础知识，您就可以阅读本教程，学习 PyTorch 适合对深度学习和..
https://www.runoob.com/tensorflow/tensorflow-tutorial.html,TensorFlow 教程 | 菜鸟教程,TensorFlow 教程    TensorFlow 是一个数学计算的工具箱，专门为机器学习任务而设计，让开发者能够轻松地构建从简单线性回归到复杂神经网络的各种模型。 TensorFlow 是由 Google 开发的开源机器学习框架，用于构建和训练各种机器学习和深度学习模型。 TensorFlow 名字来源于其核心概念：Tensor（张量） 和 Flow（流动），表示数据以张量的形式在计算图中流动。   阅读本教程前，您需要了解的知识..
https://www.runoob.com/ollama/ollama-tutorial.html,Ollama 教程 | 菜鸟教程,Ollama 教程     Ollama 是一个开源的本地大语言模型运行框架，专为在本地机器上便捷部署和运行大型语言模型（LLM）而设计。  Ollama 支持多种操作系统，包括 macOS、Windows、Linux 以及通过 Docker 容器运行。 Ollama 提供对模型量化的支持，可以显著降低显存要求，使得在普通家用计算机上运行大型模型成为可能。    谁适合阅读本教程？Ollama 适用于开发者、研究人员以及对数据隐私有较高..
https://www.runoob.com/ml/ml-tutorial.html,机器学习教程 | 菜鸟教程,机器学习教程    机器学习（Machine Learning）是人工智能（AI）的一个分支，它使计算机系统能够利用数据和算法自动学习和改进其性能。 机器学习是让机器通过经验（数据）来做决策和预测。 机器学习已经广泛应用于许多领域，包括推荐系统、图像识别、语音识别、金融分析等。  举个例子，通过机器学习，汽车可以学习如何识别交通标志、行人和障碍物，以实现自动驾驶。   机器学习与传统编程的区别                      ..
https://www.runoob.com/jupyter-notebook/jupyter-notebook-tutorial.html,Jupyter Notebook 教程 | 菜鸟教程,Jupyter Notebook 教程    Jupyter Notebook（前身为 IPython Notebook） 是一款开源的交互式计算工具。  Jupyter Notebook 将代码、说明文字和运行结果组织在同一个 Notebook 文档中，该文档以 JSON 格式保存，由多个有序的单元格组成，每个单元格既可以运行代码，也可以编写 Markdown 文本、展示数学公式、图表或其他富媒体内容。 Jupyter Noteboo..
https://www.runoob.com/ai-agent/ai-agent-tutorial.html,AI Agent(智能体) 教程 | 菜鸟教程,AI Agent(智能体) 教程    AI Agent 称为智能体，本质是自动执行任务的程序，核心在于让模型不只回答问题，而是按步骤完成动作。  AI Agent（人工智能代理） 是一个能够感知环境、进行决策并执行行动，以达成特定目标的智能软件实体，它不仅仅是回答问题的聊天机器人，更是能够动手做事的智能执行者。  Agent = LLM (大脑) + Planning (规划) + Tool use (执行) + Memory (记忆..
https://www.runoob.com/claude-code/claude-code-tutorial.html,Claude Code 教程 | 菜鸟教程,Claude Code 教程    Claude Code 是 Anthropic 推出的面向开发者的 AI 编程协作工具。 Claude Code 定位不是聊天，而是在本地代码仓库中执行高权限、可上下文感知的工程任务。   Claude Code 与在聊天窗口里写几段代码不同，它理解你的整个项目，能直接读取你的文件、运行测试并根据反馈修改代码。  Claude Code 不是一个代码生成器，而是一个能读项目、懂上下文、遵守约束的 AI..
https://www.runoob.com/opencode/opencode-tutorial.html,OpenCode 教程 | 菜鸟教程,OpenCode 教程      OpenCode 是一个基于命令行（CLI）的 AI 编程 Agent，能够理解项目上下文，并自动执行开发任务。  OpenCode 并不是一个简单的代码生成器，而是一个具备理解 + 执行能力的智能体工具。  OpenCode 运行在终端中，而不是 IDE。     OpenCode 是 Agent（智能体工具），不是 Chat（聊天工具）。     AI 编程新时代   过去的软件开发模式是：开发者编..
https://www.runoob.com/codex/codex-tutorial.html,Codex 教程 | 菜鸟教程,Codex 教程      Codex 是 OpenAI 推出的云端软件工程智能体（AI Agent）。 Codex 能自主理解、编写、调试与审查代码，可并行处理多项开发任务。   官方对 Codex 的描述是：One agent for everywhere you code。  Codex 像是一个能独立完成开发任务的工程师。   谁适合阅读本教程？      已学习过至少一门编程语言（如 JavaScript / Python /..
https://www.runoob.com/sklearn/sklearn-tutorial.html,Sklearn 教程 | 菜鸟教程,Sklearn 教程     Sklearn（全称 scikit-learn）是一个开源的机器学习库。 Sklearn 是一个基于 Python 编程语言的开源机器学习库，致力于提供简单而高效的工具。 Sklearn 建立在 NumPy、SciPy 和 matplotlib 这些科学计算库之上，提供了简单而高效的数据挖掘和数据分析工具。 Sklearn 是许多机器学习项目的核心工具之一，并且在学术界、工业界和个人项目中广泛应用。 Skl..
https://www.runoob.com/r/r-tutorial.html,R 语言教程 | 菜鸟教程,R 语言教程    R 语言是为数学研究工作者设计的一种数学编程语言，主要用于统计分析、绘图、数据挖掘。 如果你是一个计算机程序的初学者并且急切地想了解计算机的通用编程，R 语言不是一个很理想的选择，可以选择 Python、C 或 Java。 R 语言与 C 语言都是贝尔实验室的研究成果，但两者有不同的侧重领域，R 语言是一种解释型的面向数学理论研究工作者的语言，而 C 语言是为计算机软件工程师设计的。 R 语言是解释运行的语言（与 C..
https://www.runoob.com/opencv/opencv-tutorial.html,OpenCV 教程 | 菜鸟教程,OpenCV 教程      OpenCV（Open Source Computer Vision Library）是一个开源的计算机视觉和机器学习软件库。 OpenCV 由一系列 C 函数和少量 C++ 类构成，同时提供了 Python、Java、MATLAB 等语言的接口。 OpenCV 提供了大量的计算机视觉算法和图像处理工具，广泛应用于图像和视频的处理、分析以及机器学习领域。 OpenCV 的设计目标是提供一套简单易用的计算机视..
https://www.runoob.com/nlp/nlp-tutorial.html,NLP  教程 | 菜鸟教程,"NLP  教程  自然语言处理(Natural Language Processing, NLP)是人工智能和语言学的一个交叉领域，致力于让计算机能够理解、解释和生成人类语言。NLP 结合了计算机科学、人工智能和语言学的知识，目标是实现人机之间的自然语言交流。  NLP 的核心任务  文本理解：让计算机理解人类语言的含义 文本生成：让计算机能够生成自然语言文本 语言翻译：实现不同语言之间的自动翻译 情感分析：识别文本中表达的情感倾向  .."
https://www.runoob.com/selenium/selenium-tutorial.html,Selenium 教程 | 菜鸟教程,Selenium 教程    Selenium 是一个用于自动化 Web 浏览器操作的工具集。  Selenium主要用于 Web 应用程序的自动化测试。 Selenium支持多种编程语言（如 Python、Java、C#、JavaScript 等），并且可以在多种浏览器（如 Chrome、Firefox、Edge、Safari 等）和操作系统（如 Windows、macOS、Linux）上运行。 Selenium 的核心功能是模拟用户..
https://www.runoob.com/julia/julia-tutorial.html,Julia 教程 | 菜鸟教程,Julia 教程   Julia 是一个开源的编程语言，采用 MIT 许可证，每个人都可以免费使用。 Julia 是一个面向科学计算的高性能动态高级程序设计语言。 Julia 最初是为了满足高性能数值分析和计算科学的需要而设计的，不需要解释器，速度快。 Julia 于 2012 年首次发行，支持各种平台：macOS、Windows、Linux、FreeBSD、Android。  Julia 语言特点  核心语言非常小，标准库用的是 Ju..
https://www.runoob.com/qt/qt-tutorial.html,Python 量化交易 | 菜鸟教程,Python 量化交易   量化交易（Quantitative Trading）也可以理解为高频交易，是利用数学模型、统计学方法和计算机编程来进行金融交易的一种策略。 量化交易旨在通过系统性的、基于数据的方法来识别和执行交易机会，以实现更高效的投资和交易决策。  交易者可以通过挖掘某种证券买入价与卖出价之间的微小差价，或者在不同交易所之间寻找某只股票的微小价差，由于这类交易速度极快，一些交易机构甚至将其服务器群组放置在离交易所服务器很近..
https://www.runoob.com/dash/dash-tutorial.html,Dash 教程 | 菜鸟教程,Dash 教程     Dash 是一个基于 Python 的开源框架，用于快速构建数据驱动的 Web 应用程序。 Dash 的核心优势在于它的易用性和灵活性，使得即使是没有前端开发经验的开发人员也能轻松上手。 Dash 允许用户通过简单的 Python 代码创建交互式的数据可视化应用，而无需掌握复杂的前端技术（如 JavaScript、HTML、CSS）。    谁适合阅读本教程？Dash 是一个强大的工具，适合那些希望快速构建数据驱..
https://www.runoob.com/w3cnote/android-tutorial-intro.html,1.0 Android基础入门教程 | 菜鸟教程,本教程于2015年7月开始撰写，耗时半年，总共148节，涵盖了Android基础入门的大部分知识，由于当时能力局限，虽已竭尽全力，但对于一些问题的分析难免有所纰漏，敬请读者海涵！IT技术更新换代很快，想想2015年还是Android 5.1横行，如今到了2018年都已经Android 8.0了，开发工具Android Studio也更新到了Android Studio 3.0.1。本系列的教程可能有些地方已经过时了，比如6.0以后的动态..
https://www.runoob.com/swift/swift-tutorial.html,Swift 教程 | 菜鸟教程,"Swift 教程   Swift 是一种支持多编程范式和编译式的开源编程语言,苹果于2014年WWDC（苹果开发者大会）发布，用于开发 iOS，OS X 和 watchOS 应用程序。 Swift 结合了 C 和 Objective-C 的优点并且不受 C 兼容性的限制。   Swift 在 Mac OS 和 iOS 平台可以和 Object-C 使用相同的运行环境。 2015年6月8日，苹果于WWDC 2015上宣布，Swift将开放.."
https://www.runoob.com/jquerymobile/jquerymobile-tutorial.html,jQuery Mobile 教程 | 菜鸟教程,jQuery Mobile 教程    jQuery Mobile 是用于创建移动 Web 应用的前端开发框架。 jQuery Mobile 可以应用于智能手机与平板电脑。 jQuery Mobile 使用 HTML5 &amp; CSS3 最小的脚本来布局网页。   在线实例 通过我们的在线编辑器，你可以编辑代码，并查看运行结果。  实例  [mycode3 type='html']         页面标..
https://www.runoob.com/ionic/ionic-tutorial.html,ionic 教程 | 菜鸟教程,ionic 教程    ionic 是一个强大的 HTML5 应用程序开发框架(HTML5 Hybrid Mobile App Framework )。 可以帮助您使用 Web 技术，比如 HTML、CSS 和 Javascript 构建接近原生体验的移动应用程序。 ionic 主要关注外观和体验，以及和你的应用程序的 UI 交互，特别适合用于基于 Hybrid 模式的 HTML5 移动应用程序开发。  ionic是一个轻量的手机UI库..
https://www.runoob.com/flutter/flutter-tutorial.html,Flutter 教程 | 菜鸟教程,Flutter 教程   Flutter 是一个用于构建跨平台应用的 UI 工具包，由 Google 开发维护。它允许开发者使用一套代码库同时为 iOS、Android、Web、Windows、macOS 和 Linux 构建原生编译的应用。 Flutter 使用 Dart 编程语言，具有热重载、丰富的组件库和高性能的渲染引擎，能够帮助开发者快速构建美观、流畅的原生体验应用。    谁适合阅读本教程？ 本教程适合有编程基础的开发者学习。..
https://www.runoob.com/kotlin/kotlin-tutorial.html,Kotlin 教程 | 菜鸟教程,Kotlin 教程   Kotlin 是一种在 Java 虚拟机上运行的静态类型编程语言，被称之为 Android 世界的Swift，由 JetBrains 设计开发并开源。  Kotlin 可以编译成Java字节码，也可以编译成 JavaScript，方便在没有 JVM 的设备上运行。  在Google I/O 2017中，Google 宣布 Kotlin 成为 Android 官方开发语言。      我的第一个 Kotlin 程序..
https://www.runoob.com/vscode/vscode-tutorial.html,VSCode 教程 | 菜鸟教程,VSCode 教程   VS Code（全称 Visual Studio Code）是一款由微软推出的免费、开源、跨平台的代码编辑器。 VS Code 支持 Windows、macOS 和 Linux，拥有强大的功能和灵活的扩展性。 VS Code 首次发布时间为 2015 年 4 月 29 日。 在 2019 年的 Stack Overflow 组织的开发者调查中，Visual Studio Code 被认为是最受开发者欢迎的开发环境..
https://www.runoob.com/pycharm/pycharm-tutorial.html,PyCharm 教程 | 菜鸟教程,PyCharm 教程   PyCharm 是由 JetBrains 公司开发的一款专门用于 Python 编程的集成开发环境（IDE）。 PyCharm 拥有 Microsoft Windows、macOS 和 Linux 版本。PyCharm 社区版在 Apache 许可证下发布，提供代码分析、图形化调试器，集成测试器、集成版本控制系统。 目前，PyCharm IDE 的社区版和专业版将合并为统一版本。  Pycharm 的目标市场是..
https://www.runoob.com/swagger/swagger-tutorial.html,Swagger 教程 | 菜鸟教程,Swagger 教程   Swagger 是一套用于设计、构建、文档化和测试 RESTful API 的开源工具集。 Swagger 提供了一种标准化的方式来描述 API 的结构、请求参数、响应格式等信息，使得前后端开发人员能够更高效地协作。   Swagger 是由 SmartBear Software 提供的一套 API 开发工具集，最初是独立的 API 规范，现在已成为 OpenAPI Specification 的基础。    ..
https://www.runoob.com/restfulapi/restful-api-tutorial.html,RESTful API 教程 | 菜鸟教程,RESTful API 教程    在现代 Web 开发中，RESTful API 已成为应用程序之间通信的标准方式。 REST（Representational State Transfer，表述性状态转移）是一种软件架构风格，由 Roy Fielding 博士在 2000 年提出。  REST 定义了一组约束条件和原则，用于创建可扩展、松耦合的 Web 服务。 RESTful API 是遵循 REST 架构风格设计的 API。它使用..
https://www.runoob.com/eclipse/eclipse-tutorial.html,Eclipse 教程 | 菜鸟教程,Eclipse 教程   Eclipse 是一个开放源代码的、基于 Java 的可扩展开发平台。 Eclipse 是 Java 的集成开发环境（IDE），当然 Eclipse 也可以作为其他开发语言的集成开发环境，如C，C++，PHP，和 Ruby 等。 Eclipse 附带了一个标准的插件集，包括Java开发工具（Java Development Kit，JDK）。   许可证 Eclipse 平台及其插件基于Eclipse公共许可证..
https://www.runoob.com/git/git-tutorial.html,Git 教程 | 菜鸟教程,"Git 教程   Git 是一个开源的分布式版本控制系统，用于敏捷高效地处理任何或小或大的项目。 Git 是 Linus Torvalds 为了帮助管理 Linux 内核开发而开发的一个开放源码的版本控制软件。 Git 与常用的版本控制工具 CVS, Subversion 等不同，它采用了分布式版本库的方式，不必服务器端软件支持。   Git 与 SVN 区别 Git 不仅仅是个版本控制系统，它也是个内容管理系统(CMS)，工作管理系统.."
https://www.runoob.com/svn/svn-tutorial.html,SVN 教程 | 菜鸟教程,SVN 教程   Apache Subversion 通常被缩写成 SVN，是一个开放源代码的版本控制系统，Subversion 在 2000 年由 CollabNet Inc 开发，现在发展成为 Apache 软件基金会的一个项目，同样是一个丰富的开发者和用户社区的一部分。 SVN相对于的RCS、CVS，采用了分支管理系统，它的设计目标就是取代CVS。互联网上免费的版本控制服务多基于Subversion。    谁适合阅读本教程？ 本..
https://www.runoob.com/markdown/md-tutorial.html,Markdown 教程 | 菜鸟教程,Markdown 教程   Markdown 是一种轻量级标记语言，它允许人们使用易读易写的纯文本格式编写文档。 Markdown 语言在 2004 由约翰·格鲁伯（英语：John Gruber）创建。 Markdown 的设计理念是'易读易写'，让人们能够使用简单的纯文本格式来编写结构化文档。 Markdown 编写的文档可以导出 HTML 、Word、图像、PDF、Epub 等多种格式的文档。  Markdown..
https://www.runoob.com/xml/xml-tutorial.html,XML 教程 | 菜鸟教程,XML 教程    XML 指可扩展标记语言（eXtensible Markup Language）。 XML 被设计用来传输和存储数据，不用于表现和展示数据，HTML 则用来表现数据。 XML 很重要，也很容易学习。  现在开始学习 XML!   XML 实例 XML 文档第一行以 XML 声明开始，用来表述文档的一些信息，如：   XML 定义结构、存储信息、传送信息。  XML 文档实例  [mycode3 type='..
https://www.runoob.com/dtd/dtd-tutorial.html,DTD 教程 | 菜鸟教程,"DTD 教程   DTD（文档类型定义）的作用是定义 XML 文档的合法构建模块。 DTD 可被成行地声明于 XML 文档中，也可作为一个外部引用。 现在开始学习DTD!   DTD 新闻实例  &lt;!DOCTYPE NEWSPAPER [ &lt;!ELEMENT NEWSPAPER (ARTICLE+)&gt; &lt;!ELEMENT ARTICLE (HEADLINE,BYLINE,LEAD,.."
https://www.runoob.com/dom/dom-tutorial.html,XML DOM 教程 | 菜鸟教程,XML DOM 教程   XML DOM 定义访问和操作XML文档的标准方法。 DOM 将 XML 文档作为一个树形结构，而树叶被定义为节点。 如果你想使用XML，你就需要了解XML DOM。 现在开始学习XML DOM !   XML DOM 树形实例      XML DOM 对象参考手册 在菜鸟教程中，我们提供完整的 DOM 参考手册，其中包括所有的对象以及它们的属性和方法。 XML DOM 参考手册  XML DOM 实例 学习..
https://www.runoob.com/xsl/xsl-tutorial.html,XSLT 教程 | 菜鸟教程,"XSLT 教程   XSL 指扩展样式表语言（EXtensible Stylesheet Language）, 它是一个 XML 文档的样式表语言。 XSLT 指 XSL 转换。在此教程中，你将学习如何使用 XSLT 将 XML 文档转换为其他文档，比如 XHTML。 现在开始学习 XSLT !   在线 XSLT 转换工具 – XML 转 HTML 在线预览   XSLT 实例    XSLT 实例  [mycode3 type="
https://www.runoob.com/xpath/xpath-tutorial.html,XPath 教程 | 菜鸟教程,XPath 教程   XPath 是一门在 XML 文档中查找信息的语言。 XPath 是 XSLT 中的主要元素。 XQuery 和 XPointer 均构建于 XPath 表达式之上 现在开始学习 XPath !  XPath 参考手册 在菜鸟教程，我们提供完整的 XPath 2.0、XQuery 1.0 和 XSLT 2.0 的内置函数参考手册。   	XPath 函数	  内容列表 XPath 介绍 本章讲解 XPath 的概念..
https://www.runoob.com/xquery/xquery-tutorial.html,XQuery 教程 | 菜鸟教程,XQuery 教程   XQuery 之于 XML 作用就类似于 SQL 之于数据库的作用。 XQuery 被设计用来查询 XML 数据。 现在开始学习 XQuery !    XQuery 实例  for $x in doc('books.xml')/bookstore/book where $x/price&gt;30 order by $x/title return $x/title   XQuery ..
https://www.runoob.com/xlink/xlink-tutorial.html,XLink 和 XPointer 教程 | 菜鸟教程,XLink 和 XPointer 教程   XLink 定义在 XML 文档中创建超级链接的标准方法。 XPointer 允许这些超级链接指向 XML 文档中的更多具体部分（片断）。 现在开始学习 XLink 和 XPointer!   内容列表  	XLink 和 XPointer 简介	 本章阐述 XLink 和 XPointer 的概念。   	XLink 和 XPointer 语法	 XLink 和 XPointer 的语法。 ..
https://www.runoob.com/schema/schema-tutorial.html,XML Schema 教程 | 菜鸟教程,XML Schema 教程   XML Schema 描述了 XML文档的结构。 在此教程中，你将学习如何在应用程序中读取和创建 XML Schema 语言，XML Schema 为何比 DTD 更加强大，以及如何在您的应用程序中使用 XML Schema。 现在开始学习 XML Schema!      XML Schema 实例  &lt;?xml version='1.0'?&gt; &..
https://www.runoob.com/xslfo/xslfo-tutorial.html,XSL-FO 教程 | 菜鸟教程,XSL-FO 教程   XSL-FO 指可扩展样式表语言格式化对象（Extensible Stylesheet Language Formatting Objects）。 XSL-FO 是用于格式化 XML 数据的语言 现在开始学习XSL-FO!  内容列表  	XSLFO 简介	 XSL-FO 的简介。包括其概念和作用。    	XSLFO 文档	 本章将解 XSL-FO 文档的结构。    	XSLFO 区域	 本章讲解 XSL-F..
https://www.runoob.com/svg/svg-tutorial.html,SVG 教程 | 菜鸟教程,SVG 教程    SVG 意为可缩放矢量图形（Scalable Vector Graphics）。  SVG 是一种用于描述二维图形的 XML 标记语言，与位图图像不同，SVG图像以文本形式存储，并且可以缩放到任意大小而不会失真，因为它们基于数学描述而不是像素。 SVG 图形是可伸缩的，无需分辨率依赖，这意味着它们可以在不失真的情况下被放大或缩小。SVG 广泛应用于网页设计、图标制作、数据可视化和其他图形相关的领域。    SVG 的..
https://www.runoob.com/aspnet/aspnet-tutorial.html,ASP.NET 教程 | 菜鸟教程,ASP.NET 教程   ASP.NET 是一个使用 HTML、CSS、JavaScript 和服务器脚本创建网页和网站的开发框架。 ASP.NET 支持三种不同的开发模式： Web Pages（Web 页面）、MVC（Model View Controller 模型-视图-控制器）、Web Forms（Web 窗体）：      Web Pages单页面模式    MVC模型-视图-控制器    Web Forms事件驱动模式    ..
https://www.runoob.com/csharp/csharp-tutorial.html,C# 教程 | 菜鸟教程,C# 教程   C# 是一个简单的、现代的、通用的、面向对象的编程语言，它是由微软（Microsoft）开发的。 本教程将告诉您基础的 C# 编程，同时将向您讲解 C# 编程语言相关的各种先进理念。 现在开始学习 C#！ C# 在线工具   谁适合阅读本教程？ 本教程有助于初学者理解基础的 C# 编程。在学习完本教程后，您将到达一个中级的 C# 编程水平。  阅读本教程前，您需要了解的知识： C# 编程是基于 C 和 C++ 编程语言的..
https://www.runoob.com/powershell/powershell-tutorial.html,PowerShell 教程 | 菜鸟教程,PowerShell 教程    PowerShell（包括 Windows PowerShell 和 PowerShell Core）是微软公司开发的一个跨平台的命令行工具和脚本语言，它建立在.NET框架之上。与 PowerShell 由在 .NET Framework 和后来的 .NET 上构建的命令行界面壳层相关脚本语言组成，最初仅仅是 Windows 组件，后于 2016 年 8 月 18 日开源并提供跨平台支持。  Power..
https://www.runoob.com/aspnet/webpages-intro.html,ASP.NET Web Pages 教程 | 菜鸟教程,ASP.NET Web Pages - 教程   ASP.NET 是一个使用 HTML、CSS、JavaScript 和服务器脚本创建网页和网站的开发框架。 	ASP.NET 支持三种不同的开发模式： Web Pages（Web 页面）、MVC（Model View Controller 模型-视图-控制器）、Web Forms（Web 窗体）： 本教程介绍 Web Pages。   Web Pages   MVC   Web Form..
https://www.runoob.com/aspnet/razor-intro.html,ASP.NET Razor 标记 | 菜鸟教程,ASP.NET Razor - 标记   Razor 不是一种编程语言。它是服务器端的标记语言。  什么是 Razor？ Razor 是一种标记语法，可以让您将基于服务器的代码（Visual Basic 和 C#）嵌入到网页中。 基于服务器的代码可以在网页传送给浏览器时，创建动态 Web 内容。当一个网页被请求时，服务器在返回页面给浏览器之前先执行页面中的基于服务器的代码。通过服务器的运行，代码能执行复杂的任务，比如进入数据库。 Raz..
https://www.runoob.com/aspnet/mvc-intro.html,ASP.NET MVC 简介 | 菜鸟教程,ASP.NET MVC 教程   ASP.NET 是一个使用 HTML、CSS、JavaScript 和服务器脚本创建网页和网站的开发框架。 	ASP.NET 支持三种不同的开发模式： Web Pages（Web 页面）、MVC（Model View Controller 模型-视图-控制器）、Web Forms（Web 窗体）。 本教程介绍 MVC。   Web Pages   MVC   Web Forms   MVC 编程模式 M..
https://www.runoob.com/aspnet/aspnet-intro.html,ASP.NET Web Forms 教程 | 菜鸟教程,ASP.NET Web Forms - 教程   ASP.NET 是一个使用 HTML、CSS、JavaScript 和服务器脚本创建网页和网站的开发框架。 ASP.NET 支持三种不同的开发模式： Web Pages（Web 页面）、MVC（Model View Controller 模型-视图-控制器）、Web Forms（Web 窗体）： 本教程介绍 Web Forms。   Web Pages  MVC  Web Forms  ..
https://www.runoob.com/webservices/webservices-tutorial.html,Web Services 教程 | 菜鸟教程,Web Services 教程   通过使用 Web Services，您的应用程序可以向全世界发布信息，或提供某项功能。 Web Services 脚本平台需支持 XML + HTTP。 现在开始学习Web Services!  内容目录   Web Services 简介 对 Web Services 的简要介绍。  Why Web Services? 为什么及如何使用 Web Services？  Web Services 平台 ..
https://www.runoob.com/wsdl/wsdl-tutorial.html,WSDL 教程 | 菜鸟教程,WSDL 教程   WSDL（网络服务描述语言，Web Services Description Language）是一门基于 XML 的语言，用于描述 Web Services 以及如何对它们进行访问。 现在开始学习 WSDL!   内容目录  WSDL 简介 本章讲解 WSDL 的概念。 WSDL 文档 本章讲解 WSDL 文档的主要部分。 WSDL 端口 本章讲解 WSDL 端口界面 (WSDL port interface)。 ..
https://www.runoob.com/soap/soap-tutorial.html,SOAP 教程 | 菜鸟教程,SOAP 教程   SOAP 是一种简单的基于 XML 的协议，它使应用程序通过 HTTP 来交换信息。 在我们的 SOAP 教程中，你将了解到什么是 SOAP，以及它如何在应用程序之间交换信息。 现在开始学习 SOAP!   内容列表  SOAP 简介 本章讲解 SOAP 的概念和作用。   	SOAP 语法	  本章讲解 SOAP 的构建模块和 SOAP 的语法规则。   	SOAP Envelope 元素	 本章讲解 SOAP 的..
https://www.runoob.com/rss/rss-tutorial.html,RSS 教程 | 菜鸟教程,RSS 教程   通过使用 RSS，您可以有选择地浏览您感兴趣的以及与您的工作相关的新闻。 通过使用 RSS，您可以把需要的信息从不需要的信息（兜售信息，垃圾邮件等）中分离出来。 通过使用 RSS，您可以创建自己的新闻频道，并将之发布到因特网。 现在开始学习 RSS!     RSS 文档实例  [mycode3 type='xml']       菜鸟教程首页   http://www.runoob.com   免..
https://www.runoob.com/rdf/rdf-tutorial.html,RDF 教程 | 菜鸟教程,"RDF 教程    RDF(资源描述框架)是描述网络资源的 W3C 标准, ，比如网页的标题、作者、修改日期、内容以及版权信息等。 现在开始学习 RDF(资源描述框架) !     RDF 文档实例  &lt;?xml version='1.0'?&gt; &lt;rdf:RDF xmlns:rdf='http://www.w3.org/1999/02/22-rdf-syntax-n.."
https://www.runoob.com/http/http-tutorial.html,HTTP 教程 | 菜鸟教程,HTTP 教程   HTTP（超文本传输协议，HyperText Transfer Protocol）是一种用于分布式、协作式、超媒体信息系统的应用层协议。 HTTP 是万维网（WWW）的数据通信的基础，设计目的是确保客户端与服务器之间的通信，是互联网上最常用的协议之一。 HTTP 是一个基于 TCP/IP 通信协议来传递数据的（HTML 文件、图片文件、查询结果等）。 设计 HTTP 最初的目的是为了提供一种发布和接收 HTML 页面..
https://www.runoob.com/web/web-buildingprimer.html,网站建设指南 | 菜鸟教程,"网站建设指南   一个网站开发人员必须掌握的知识是什么？  HTML 和 CSS 	客户端脚本 - JavaScript and the DOM 	服务端脚本 - ASP, PHP 	XML 和SQL    指南列表 WWW - 万维网 web站点是一个到世界各地电脑都可以连接上的网络。他是如何工作的呢? HTML - WEB标记语言。  超文本标记语言（英语：HyperText Markup Language，简称：HTML）是一种用.."
https://www.runoob.com/browsers/browser-information.html,浏览器信息 | 菜鸟教程,浏览器信息   对于网站开发人员来说，浏览器信息和统计数据都是非常重要的。   网站统计  菜鸟教程上的统计和趋势：   浏览器统计 最流行的浏览器是什么？   操作系统统计 最常见的操作系统是什么？   屏幕分辨率统计 最常见的屏幕分辨率和颜色深度是多少？      浏览器    Internet Explorer（IE浏览器） Internet Explorer（IE浏览器）是微软公司（Microsoft）发行的一款 web 浏览器..
https://www.runoob.com/np/np-tutorial.html,网络协议 | 菜鸟教程,网络协议   网络协议（Network Protocol）是计算机网络中用于定义设备之间通信规则和标准的集合。 网络协议规定了数据如何打包、传输、接收以及处理，确保不同设备能够相互理解并正确交换信息。 简单来说，网络协议是设备之间“交流的语言”。    谁适合阅读本教程？ 无论您是新手，还是老手，本教程都值得一读。对于那些具有丰富的开发经验的开发人员，学习设计模式有助于了解在软件开发过程中所面临的问题的最佳解决方案；对于那些经验不足的开..
https://www.runoob.com/hosting/hosting-tutorial.html,网站主机教程 | 菜鸟教程,"网站主机教程   如果您希望向全世界发布自己的网站，那么您的网站就需要被放置于一个 WEB 服务器。 在本教程中，您将学到：什么是网站主机，以及网站主机提供什么服务。  现在网站主机一般都使用云服务器(Elastic Compute Service, ECS)比较多，云服务器是一种简单高效、安全可靠、处理能力可弹性伸缩的计算服务。 云服务器管理方式比物理服务器更简单高效，我们无需提前购买昂贵的硬件，即可迅速创建或删除云服务器，云服务器费.."
https://www.runoob.com/tcpip/tcpip-tutorial.html,TCP/IP 教程 | 菜鸟教程,TCP/IP 教程   TCP/IP 是因特网的通信协议。 TCP/IP 通信协议是对计算机必须遵守的规则的描述，只有遵守这些规则，计算机之间才能进行通信。 开始学习 TCP/IP ！  TCP 协议：https://www.runoob.com/np/tcp-protocol.html  您的浏览器与服务器都在使用 TCP/IP 协议 浏览器与服务器使用 TCP/IP 协议来链接因特网。 浏览器使用 TCP/IP 协议进入服务器，服务..
https://www.runoob.com/w3c/w3c-tutorial.html,W3C 教程 | 菜鸟教程,W3C 教程   W3C 让每个人都能在互联网上分享资源。 W3C（英语：World Wide Web Consortium，万维网联盟），又称 W3C 理事会，是万维网的主要国际标准组织。 开始学习 W3C !  W3C 教程列表 W3C 简介 本节内容：W3C 是什么组织，它如何运作，网络是如何被标准化的。 W3C 过程 本节内容：W3C 的标准化过程。 W3C HTML 本节内容：简要介绍 W3C 的 HTML。 W3C XHTM..
https://www.runoob.com/quality/quality-tutorial.html,网站品质教程 | 菜鸟教程,网站品质 教程   在本教程中，你将学习到如何创建高质量的web网站。 你将学习到非常重要的web标准，这会让你的网站更加的简易且可读性更强。 开始学习网站品质。  网站品质教程目录   网站品质 - 标准 本章内容：最重要的质量标准。  网站品质 - HTML 元素 本章内容：最重要的HTML元素。  网站品质 - 样式表 本章内容：最重要的 CSS 元素。  网站品质 - 可读性 本章内容：如何确保站点内容更易读。  网站品质 - ..
https://www.runoob.com/html/html-examples.html,HTML 实例 | 菜鸟教程,HTML 实例   HTML 基础  非常简单的HTML文档HTML 标题HTML 段落HTML 链接HTML 图片  实例解析   HTML 标题  HTML 标题在html源码中插入注释插入水平线  实例解析   HTML 段落  HTML 段落更多段落本例演示在 HTML 文档中折行的使用。 HTML 格式化的某些问题。  实例解析   HTML 文本格式化  文本格式化此例演示如何使用 pre 标签对空行和空格进行控制。此例演示..
https://www.runoob.com/css/css-examples.html,CSS 实例 | 菜鸟教程,CSS 实例 CSS背景 设置页面的背景颜色 设置不同元素的背景颜色 设置一个图像作为页面的背景 错误的背景图片 如何在水平方向重复背景图像 如何定位背景图像 一个固定的背景图片（这个图片不会随页面的其余部分滚动） 声明背景属性 高级的背景例子 背景属性的解释 CSS文本 设置不同元素的文本颜色 文本对齐 移除链接下划线 装饰文字 控制文本中的字母 缩进文本 指定了字符之间的空间 指定了行与行之间的空间 设置元素的文本方向 增加单词之间..
https://www.runoob.com/js/js-examples.html,JavaScript 实例 | 菜鸟教程,基础 JavaScript 实例  用JavaScript输出文本 用JavaScript改变HTML元素 一个外部JavaScript 实例解析  JavaScript 语句、注释和代码块  JavaScript 语句 JavaScript 代码块 JavaScript 单行注释 JavaScript 多行注释 使用单行注释来防止执行 使用多行注释来防止执行  实例解析  JavaScript 变量  声明一个变量，为它赋值，然后显示..
https://www.runoob.com/ajx/ajax-examples.html,AJAX 实例 | 菜鸟教程,AJAX 实例    AJAX 实例   一个简单的AJAX实例 创建一个简单的XMLHttpRequest，从一个TXT文件中返回数据。 用AJAX加载 XML 文件 创建一个简单的XMLHttpRequest，从一个XML文件中返回数据。 用AJAX进行一次 HEAD 请求 检索资源（文件）的头信息。 用AJAX进行一次指定的 HEAD 请求 检索资源（文件）的指定头信息。 用AJAX从ASP 文件返回数据 当用户在文本框内键入字符..
https://www.runoob.com/jquery/jquery-examples.html,jQuery 实例 | 菜鸟教程,jQuery 实例   你想增进 jQuery 技能吗？   jQuery 选择器 $(this).hide() 演示 jQuery 的 hide() 函数，隐藏当前的 HTML 元素。 $('p').hide() 演示 jQuery 的 hide() 函数，隐藏所有 &lt;p&gt; 元素。 $('.test').hide() 演示 jQuery 的 hide() 函数，隐藏所..
https://www.runoob.com/xml/xml-examples.html,XML 实例 | 菜鸟教程,XML 实例   这些例子演示了 XML 文件、XML 格式化和 XML 转换（XSLT）。 还演示了与 XML 一起使用的 JavaScript（AJAX）。  查看 XML 文件  查看一个简单的 XML 文件（note.xml）查看一个带有错误的相同的 XML 文件查看一个 XML 的 CD 目录查看一个 XML 的植物目录查看一个 XML 的食物菜单  实例解释  XML 和 CSS  查看一个 XML 的 CD 目录查看对应的..
https://www.runoob.com/java/java-examples.html,Java 实例 | 菜鸟教程,Java 实例 本章节我们将为大家介绍 Java 常用的实例，通过实例学习我们可以更快的掌握 Java 的应用。  Java 环境设置实例  Java 实例 – 如何编译一个Java 文件？ Java 实例 – Java 如何运行一个编译过的类文件?  Java 实例 - 如何执行指定class文件目录（classpath）？    Java 实例 – 如何查看当前 Java 运行的版本?    Java 字符串  Java 实例 – ..
https://www.runoob.com/charsets/html-charsets.html,HTML 字符集 | 菜鸟教程,HTML 字符集   要正确显示一个 HTML 页面，浏览器必须知道要使用的字符集（字符编码）。   HTML 字符集 在 HTML 中，正确的字符编码是什么？ HTML5 中默认的字符编码是 UTF-8。 这并非总是如此。早期网络的字符编码是 ASCII 码。 后来，从 HTML 2.0 到 HTML 4.01，ISO-8859-1 被认定为标准。 随着 XML 和 HTML5 的出现，UTF-8 也终于到来了，解决了大量的字符编码问..
https://www.runoob.com/tags/html-ascii.html,HTML ASCII 参考手册 | 菜鸟教程,HTML ASCII 参考手册   ASCII 字符集被用于因特网上不同计算机间传输信息。   ASCII 字符集 ASCII ，它的全称是“美国信息交换标准代码”。它设计于60年代早期，是计算机和诸如打印机、磁带驱动器之类的硬件设备的标准字符集。 ASCII 是 7 比特字符集，包含了 128 个不同的字符值。 ASCII 支持 0-9 的数字，A-Z大写和小写英文字母，以及一些特殊字符。 被广泛使用于现代计算机、HTML和因特网上的..
https://www.jyshare.com/front-end/6939/,JavaScript 混淆/加密 | 菜鸟工具,JS 混淆加密在线工具，让代码不容易被拷贝复制。JS 混淆加密在线工具通过一系列转换，例如对变量、函数、参数等进行重命名，将源代码转换为不可读的字符串，同时能保证代码正常运行。..
https://www.jyshare.com/front-end/6232/,PNG/JPEG 图片压缩 | 菜鸟工具,PNG 图片压缩工具用于减小图像大小，在线压缩 PNG 图片，压缩 PNG 时保持最佳文件质量和压缩程度。..
https://www.runoob.com/tags/html-colorpicker.html,HTML 取色器/拾色器 | 菜鸟教程,"#selectedcolor { 	border:1px solid #e3e3e3; 	width:80%; 	height:300px; 	margin:auto; } #divpreview { 	border:1px solid #e3e3e3; 	width:80px; 	height:20px; 	margin:auto; 	visibility:hidden; } .colorTable, #colorhexDIV, #c.."
https://www.jyshare.com/front-end/53,JSON 在线解析 | 菜鸟工具,JSON 在线解析是一款 JSON 格式化工具，你可以在线验证、编辑和格式化 JSON 数据，格式化后的 JSON 数据以树形结构展示，更易于阅读，此外还可以将 JSON 转换为 XML、YAML、CSV格式。..
https://www.jyshare.com/front-end/6680/,随机数生成器 | 菜鸟工具,在线随机数生成器，可以随机生成你设定区间范围内的随机数，也可以设置是否唯一，唯一生成的随机数不会重复，不唯一则可能生成重复的数字。..
http://www.runoob.com/pytorch/pytorch-attention.html,PyTorch 注意力机制 | 菜鸟教程,"$(function() {    $('.math').each(function() {         renderMathInElement(this, {             delimiters: [                 { left: '\\(', right: '\\)', display: false },                 { .."
http://www.runoob.com/pytorch/pytorch-distributed.html,PyTorch 分布式训练 | 菜鸟教程,PyTorch 分布式训练  当模型越来越大、数据越来越多时，单 GPU 已经无法满足训练需求。分布式训练通过多 GPU 甚至多台机器并行计算，可以显著缩短训练时间。本节详细介绍 PyTorch 中的分布式训练技术，包括 DataParallel、DistributedDataParallel 以及混合精度分布式训练。    1. 分布式训练基础  1.1 为什么需要分布式训练  深度学习模型的规模逐年增长，训练时间也随之增加。分布式训..
http://www.runoob.com/pytorch/pytorch-torchscript-onnx-export.html,PyTorch TorchScript/ONNX 导出 | 菜鸟教程,PyTorch TorchScript / ONNX 导出  模型训练完成后，需要将模型部署到生产环境。PyTorch 提供了多种模型导出方式，其中 TorchScript 和 ONNX 是最常用的两种格式。本节详细介绍这两种导出方式的原理、使用方法和最佳实践。  模型导出是将 PyTorch 模型转换为可以在不同平台、不同框架上运行的格式的过程。这对于模型部署、移动端推理、跨框架迁移等场景至关重要。    1. TorchScript..
http://www.runoob.com/pytorch/pytorch-amp.html,PyTorch 混合精度训练 (AMP) | 菜鸟教程,PyTorch 混合精度训练 (AMP)  混合精度训练是深度学习中最重要的性能优化技术之一。它通过同时使用 FP32（单精度）和 FP16（半精度）浮点数进行计算，可以在几乎不损失模型精度的前提下，显著提升训练速度并减少显存占用。本节详细介绍 PyTorch 中的自动混合精度（Automatic Mixed Precision，AMP）技术。    1. 混合精度训练基础  1.1 为什么需要混合精度  深度学习模型训练过程中涉及大量..
http://www.runoob.com/pytorch/pytorch-torchtext.html,PyTorch torchtext | 菜鸟教程,"$(function() {    $('.math').each(function() {         renderMathInElement(this, {             delimiters: [                 { left: '\\(', right: '\\)', display: false },                 { .."
http://www.runoob.com/pytorch/pytorch-evaluation-debugging.html,PyTorch 模型评估与调试 | 菜鸟教程,"$(function() {    $('.math').each(function() {         renderMathInElement(this, {             delimiters: [                 { left: '\\(', right: '\\)', display: false },                 { .."
http://www.runoob.com/pytorch/pytorch-autoencoder.html,PyTorch 自编码器 (Autoencoder) | 菜鸟教程,"$(function() {    $('.math').each(function() {         renderMathInElement(this, {             delimiters: [                 { left: '\\(', right: '\\)', display: false },                 { .."
https://www.runoob.com/disclaimer,免责声明 | 菜鸟教程,版权信息    菜鸟教程（www.runoob.com）刊载的所有内容，包括文字、图片、音频、视频、软件、程序、以及网页版式设计等均在网上搜集。 菜鸟教程提供的内容仅用于个人学习、研究或欣赏。我们不保证内容的正确性。通过使用本站内容随之而来的风险与本站无关 访问者可将本网站提供的内容或服务用于个人学习、研究或欣赏，以及其他非商业性或非盈利性用途，但同时应遵守著作权法及其他相关法律的规定，不得侵犯本网站及相关权利人的合法权利。 本网站内容..
https://www.runoob.com/aboutus,关于我们 | 菜鸟教程,"菜鸟教程提供了基础编程技术教程。 菜鸟教程的 Slogan 为：学的不仅是技术，更是梦想！ 我们相信：即便梦想再高远，也敌不过愚者般的坚持！ 我们坚持一件事情，并不是因为这样做了会有效果，而是坚信，这样做是对的。 本站域名为 runoob.com, runoob 为 Running Noob 的缩写，意为：奔跑的菜鸟。 本站包括了HTML、CSS、Javascript、PHP、C、Python等各种基础编程教程。 同时本站中也提供了大量.."
https://www.runoob.com/archives,文章归档页面 | 菜鸟教程,菜鸟教程-文章归档页面..
